0	00
1	01
2	02
3	03
4	04
5	05
6	06
7	07
8	08
9	09
10	0a
11	0b
12	0c
13	0d
14	0e
15	0f
16	10
17	11
18	12
19	13
20	14
21	15
22	16
23	17
24	18
25	19
26	1a
27	1b
28	1c
29	1d
30	1e
31	1f
32	20
33	21
34	22
35	23
36	24
37	25
38	26
39	27
40	28
41	29
42	2a
43	2b
44	2c
45	2d
46	2e
47	2f
48	30
49	31
50	32
51	33
52	34
53	35
54	36
55	37
56	38
57	39
58	3a
59	3b
60	3c
61	3d
62	3e
63	3f
64	40
65	41
66	42
67	43
68	44
69	45
70	46
71	47
72	48
73	49
74	4a
75	4b
76	4c
77	4d
78	4e
79	4f
80	50
81	51
82	52
83	53
84	54
85	55
86	56
87	57
88	58
89	59
90	5a
91	5b
92	5c
93	5d
94	5e
95	5f
96	60
97	61
98	62
99	63
100	64
101	65
102	66
103	67
104	68
105	69
106	6a
107	6b
108	6c
109	6d
110	6e
111	6f
112	70
113	71
114	72
115	73
116	74
117	75
118	76
119	77
120	78
121	79
122	7a
123	7b
124	7c
125	7d
126	7e
127	7f
128	80
129	81
130	82
131	83
132	84
133	85
134	86
135	87
136	88
137	89
138	8a
139	8b
140	8c
141	8d
142	8e
143	8f
144	90
145	91
146	92
147	93
148	94
149	95
150	96
151	97
152	98
153	99
154	9a
155	9b
156	9c
157	9d
158	9e
159	9f
160	a0
161	a1
162	a2
163	a3
164	a4
165	a5
166	a6
167	a7
168	a8
169	a9
170	aa
171	ab
172	ac
173	ad
174	ae
175	af
176	b0
177	b1
178	b2
179	b3
180	b4
181	b5
182	b6
183	b7
184	b8
185	b9
186	ba
187	bb
188	bc
189	bd
190	be
191	bf
192	c0
193	c1
194	c2
195	c3
196	c4
197	c5
198	c6
199	c7
200	c8
201	c9
202	ca
203	cb
204	cc
205	cd
206	ce
207	cf
208	d0
209	d1
210	d2
211	d3
212	d4
213	d5
214	d6
215	d7
216	d8
217	d9
218	da
219	db
220	dc
221	dd
222	de
223	df
224	e0
225	e1
226	e2
227	e3
228	e4
229	e5
230	e6
231	e7
232	e8
233	e9
234	ea
235	eb
236	ec
237	ed
238	ee
239	ef
240	f0
241	f1
242	f2
243	f3
244	f4
245	f5
246	f6
247	f7
248	f8
249	f9
250	fa
251	fb
252	fc
253	fd
254	fe
255	ff
256	3c7c656e646f66746578747c3e
257	2074
258	6865
259	2061
260	2073
261	2077
262	20746865
263	6e64
264	6564
265	2062
266	20746f
267	20616e64
268	2068
269	2066
270	2054
271	696e
272	207761
273	6974
274	7265
275	6f75
276	206c
277	2064
278	2063
279	2070
280	6179
281	206d
282	20776173
283	6572
284	20546865
285	6f6d
286	206865
287	6973
288	206e
289	696d
290	6f6e
291	6172
292	207361
293	6c6c
294	6964
295	206861
296	2067
297	6174
298	2053
299	696e67
300	6f74
301	656e
302	616e
303	6c65
304	6f72
305	6972
306	616d
307	6574
308	2048
309	206974
310	207468
311	6967
312	2054686579
313	20706c
314	20696e
315	204865
316	696c
317	2022
318	6f77
319	766572
320	7269
321	2075
322	20706c6179
323	7574
324	697468
325	2073616964
326	206265
327	20646179
328	2077697468
329	7070
330	4f6e
331	206f
332	2079
333	6b6564
334	6f6f
335	2072
336	20686572
337	6365
338	2054696d
339	6c64
340	20686973
341	2049
342	20536865
343	207374
344	6b65
345	2065
346	20626967
347	6e74
348	636b
349	76657279
350	20796f75
351	7374
352	7665
353	656e64
354	756e
355	2068617070
356	206f6e
357	616c6c
358	7269656e64
359	20667269656e64
360	2074686579
361	696c79
362	204c
363	207765
364	20686164
365	207570
366	206c69
367	686572
368	206e6f74
369	2077616e74
370	697474
371	206f66
372	6164
373	2042
374	20646f
375	7365
376	206861707079
377	656e74
378	2076657279
379	6573
380	20736177
381	204d
382	4f6e65
383	2773
384	2074686174
385	6f756c64
386	6974746c65
387	20666f72
388	206d6f6d
389	206c6974746c65
390	20736f
391	207368
392	20736865
393	696d65
394	6368
395	206e616d
396	2074696d65
397	206b
398	206e65
399	6f756e64
400	2e22
401	207468657265
402	206e616d6564
403	20626f
404	20736d
405	2077657265
406	2077616e746564
407	204c696c79
408	697264
409	20667269656e6473
410	6f7574
411	20627574
412	766564
413	20546f6d
414	546865
415	2122
416	6874
417	2062697264
418	656c
419	20616e
420	616b65
421	616c
422	20746f6f
423	6f6d65
424	696465
425	2077656e74
426	4f6e6365
427	207768
428	2068656c
429	20616c6c
430	204974
431	7567
432	2068656c70
433	7565
434	206973
435	2041
436	206c6f6f
437	2075706f6e
438	206c6f
439	746572
440	7279
441	20746f79
442	6f7265
443	696e64
444	2066756e
445	676574
446	696c6c
447	616d65
448	206173
449	206a
450	7261
451	676574686572
452	206174
453	20636174
454	20646964
455	207265
456	20746f676574686572
457	7572
458	61636b
459	207365
460	6c79
461	20747265
462	20646f67
463	6f6f64
464	20636f756c64
465	746564
466	6963
467	2063616e
468	2062616c6c
469	20676972
470	617264
471	207468656972
472	61726b
473	206769726c
474	20706c61796564
475	6d79
476	6563
477	2068696d
478	20676f
479	20726f
480	776179
481	3f22
482	686564
483	206c65
484	206b6e
485	61696e
486	206f7574
487	68656e
488	206672
489	20617265
490	2774
491	756d
492	20626f79
493	207468656d
494	20736164
495	756c
496	6178
497	2074726565
498	6f74686572
499	6f7567
500	2068617665
501	206c6f766564
502	206d616e
503	206c6f6f6b6564
504	20636c
505	20666f756e64
506	207370
507	2073746172
508	20537565
509	6f6e65
510	207363
511	6f776e
512	206261636b
513	68696e67
514	617265
515	204d6178
516	20626563
517	73696465
518	206c696b65
519	66756c
520	206d65
521	6f70
522	6f6e67
523	207061726b
524	20776f756c64
525	69676874
526	206c696b6564
527	726f756e64
528	206661
529	204f6e65
530	656c74
531	20427574
532	206c61
533	20636172
534	2066656c74
535	206d616b65
536	2057
537	656c6c
538	2053616d
539	2061736b6564
540	61726564
541	6f6d6574
542	596f75
543	696365
544	6167
545	2073746172746564
546	206e6577
547	2063616d65
548	20736565
549	6f75676874
550	6f757365
551	206e6f
552	2042656e
553	20616c
554	696c6564
555	206167
556	206f74686572
557	20676f6f64
558	20736f6d6574
559	6f62
560	20736d616c6c
561	706f74
562	206272
563	20736d696c6564
564	7373
565	616465
566	72696564
567	696e6773
568	20736179
569	2066696e64
570	20776f72
571	206578
572	2061776179
573	2066726f6d
574	206d616465
575	2074686f75676874
576	2053706f74
577	20686f6d65
578	20736f6d657468696e67
579	20636f
580	656e6564
581	20706c6179696e67
582	7479
583	2077686174
584	20707574
585	2077616c
586	206576657279
587	206d75
588	616368
589	6961
590	7563
591	6965
592	6f6f6b
593	2046
594	20646f776e
595	696c65
596	2072616e
597	6e79
598	20616761696e
599	6464
600	617665
601	20746f7973
602	61726e
603	207072
604	20736361726564
605	6b696e67
606	206c617567
607	204a
608	20746f6f6b
609	20736f6d65
610	6966
611	6162
612	20686f757365
613	20666c
614	2061726f756e64
615	757265
616	20626f78
617	207377
618	697368
619	6570
620	206c6561726e
621	20796f7572
622	6f7564
623	726574
624	69636b
625	2073756e
626	206c69766564
627	207468696e6773
628	2077696c6c
629	20596f75
630	207468656e
631	20626c
632	6577
633	206d79
634	75636b
635	6173
636	207768656e
637	70706564
638	206162
639	2c22
640	7573
641	20676574
642	616e6b
643	54696d
644	5468
645	206368
646	206c6f74
647	6f7468
648	6170
649	756379
650	756d70
651	207472696564
652	2077686f
653	204d6961
654	697374
655	206665
656	20676f74
657	757374
658	206b6e6f77
659	69746564
660	2061626f7574
661	20696e74
662	2073617973
663	206d616e79
664	616c6c79
665	6e646572
666	206b6e6577
667	20726564
668	697665
669	2070726574
670	4c696c79
671	20646563
672	6175
673	20616e79
674	2044
675	697365
676	6f7573
677	616365
678	20706963
679	61757365
680	206d6f7265
681	66746572
682	2063617265
683	7175
684	2062657374
685	206f70
686	20626563616d65
687	20426f62
688	204c756379
689	e280
690	20706f
691	6665
692	77617973
693	2062656361757365
694	697465
695	206c6561726e6564
696	206f757473696465
697	207761746572
698	20657863
699	20687567
700	20616c77617973
701	206c6f6f6b
702	20626f7468
703	20726f6f6d
704	20696e746f
705	20756e
706	206c617567686564
707	20536f
708	69646564
709	20416e64
710	2073686f77
711	20677265
712	20656174
713	2064656369646564
714	20686f
715	616e74
716	2076
717	757270
718	657273
719	207065
720	756464
721	2045
722	204d6f6d
723	6e6e
724	206a756d70
725	206f6e65
726	206c6f6e67
727	2074686973
728	2072756e
729	596573
730	2066617374
731	206e696365
732	2065786369746564
733	206b65
734	546f6d
735	20646164
736	206665656c
737	20746f6c64
738	54686579
739	20736b
740	20616d
741	206d6f
742	6f7572
743	20696e73696465
744	6c6577
745	207472
746	20736c
747	20726f636b
748	20736f72
749	756c6c
750	696e79
751	2074616b65
752	75727072
753	20707265747479
754	6e6e61
755	2065616368
756	20677261
757	2067617665
758	207375727072
759	696e6b
760	206d756368
761	696d616c
762	5768
763	20616e696d616c
764	20737472
765	20686f77
766	207468616e
767	206c6574
768	206e656564
769	726f
770	427574
771	617261
772	76656e
773	20746f77
774	206f6c64
775	20756e646572
776	676564
777	20736f727279
778	2043
779	657373
780	2077616c6b6564
781	206f72
782	20636c65
783	6674
784	207461
785	616e64
786	6f67
787	6765
788	2068616e64
789	206b696e64
790	69736564
791	757274
792	2066697368
793	6666
794	207465
795	20636c6f
796	75726e
797	20486973
798	20776174
799	20686967
800	76696e67
801	20416d79
802	617365
803	20616e696d616c73
804	706c
805	2068617070656e6564
806	205765
807	207573
808	20736e
809	206a757374
810	20736b79
811	68657265
812	206c697374
813	63686564
814	20666c6f77
815	20696465
816	206e656172
817	726f6d
818	20747279
819	20666f6f64
820	206469646e
821	2069646561
822	696e65
823	20656e
824	677279
825	20626574
826	61626c65
827	20666c6577
828	206669
829	20697473
830	656369
831	6578
832	207368617265
833	2063616b65
834	617465
835	5468616e6b
836	7265616d
837	206966
838	206361726566756c
839	20626574746572
840	2073746f72
841	206865617264
842	2064616e
843	656369616c
844	207370656369616c
845	706563
846	207477
847	2062656172
848	205468
849	206c6f7473
850	2077696e64
851	696f6e
852	6c66
853	626572
854	20646f6e
855	6d6f7265
856	20616e796d6f7265
857	20636c65616e
858	206772
859	4d6f6d
860	206e65766572
861	20666f
862	756464656e
863	20627567
864	206275
865	6f706c65
866	205468656e
867	2074616c
868	20636f6d
869	206279
870	2068617264
871	20666c79
872	20656e64
873	206d6167
874	756464656e6c79
875	20666f7265
876	206f766572
877	6f7274
878	20416e6e61
879	206576656e
880	726d
881	204576657279
882	207475726e
883	0a0a
884	616479
885	2070656f706c65
886	206166746572
887	2068696768
888	2066616d
889	2073616665
890	20636f6c
891	206c6f7665
892	756666
893	20626164
894	20636f6d65
895	6262
896	616b
897	2067726f756e64
898	696d62
899	2070726f7564
900	20646f6f72
901	706563746564
902	207368696e79
903	4173
904	2068757274
905	20636c696d62
906	207069636b6564
907	206f70656e6564
908	4c6574
909	2067697665
910	206c6f7564
911	20676c
912	20626c7565
913	6578706563746564
914	20756e6578706563746564
915	276d
916	20636865
917	20737572707269736564
918	20776179
919	207468616e6b6564
920	696c64
921	206375
922	205768656e
923	756d6d79
924	2063616c6c
925	2046726f6d
926	2065766572
927	20636f6c6f72
928	20626f6f6b
929	617264656e
930	2067617264656e
931	20486572
932	204b
933	6f756768
934	206d61676963
935	20666172
936	6b6179
937	4e6f
938	20696d
939	20706c616365
940	20756e74
941	207374696c6c
942	6f6f6c
943	20706172
944	20687567676564
945	2053617261
946	2050
947	206d61
948	206f6666
949	616765
950	2066616d696c79
951	20736d696c65
952	74757265
953	20496e
954	2077616c6b
955	686573
956	20756e74696c
957	206a756d706564
958	207061
959	206e6f77
960	697a
961	206b6964
962	6970
963	616e65
964	2073686f756c64
965	656d
966	207175
967	69747479
968	75666679
969	756e6e79
970	207374726f6e67
971	2073746f
972	6374
973	20666f72657374
974	6479
975	20737469636b
976	20617070
977	2073746179
978	206772656174
979	20737175
980	20647261
981	617574
982	20627261
983	2062726f
984	7874
985	206e657874
986	20747261
987	20626f6174
988	2068656c706564
989	206265617574
990	2053616c6c79
991	6c6573
992	2068617070696c79
993	6c65617365
994	206a6f
995	696573
996	20686174
997	2070696374757265
998	2073746f7279
999	206c697374656e
1000	2073686f776564
1001	6e696e67
1002	6966756c
1003	20636c6f73
1004	2062656175746966756c
1005	6c75666679
1006	2063616c6c6564
1007	6f6f6e
1008	207768696c65
1009	206b696473
1010	7468
1011	206d6574
1012	4e6f77
1013	206f70656e
1014	7074
1015	2066726f67
1016	206d6f72
1017	20746f776e
1018	2072656d
1019	43616e
1020	20736f6674
1021	2073746f70706564
1022	72656c
1023	4974
1024	20696d70
1025	206265696e67
1026	2065766572796f6e65
1027	676572
1028	4865
1029	206164
1030	626974
1031	207261696e
1032	6279
1033	2079756d6d79
1034	6162626974
1035	206361
1036	207761746368
1037	5768656e
1038	20616e677279
1039	20636f756c646e
1040	204c6574
1041	617279
1042	206d6f757365
1043	20466c75666679
1044	20726162626974
1045	76656e74
1046	726565
1047	20646f6c6c
1048	204b69747479
1049	206465
1050	20747275636b
1051	6265
1052	72657373
1053	64646564
1054	6973686564
1055	206c6f7374
1056	20736c696465
1057	206272617665
1058	207761726d
1059	20776f
1060	206c65617665
1061	20617465
1062	2067616d65
1063	205768
1064	666f7265
1065	697373
1066	20666c6f77657273
1067	2066616365
1068	2066656c6c
1069	206b656570
1070	2074776f
1071	20636f6f6b
1072	6f776c
1073	2052
1074	6f636b
1075	20707573
1076	20637279
1077	696c6c79
1078	20626564
1079	20736f6f6e
1080	54686174
1081	20677265656e
1082	207768657265
1083	206e6f697365
1084	736f
1085	67616e
1086	73656c66
1087	20736174
1088	206e6f64646564
1089	2062756e6e79
1090	20616c736f
1091	69726564
1092	e2809d
1093	20686176696e67
1094	4869
1095	20666978
1096	206265666f7265
1097	20686f6c65
1098	206b657074
1099	646179
1100	e2809c
1101	57686174
1102	656172
1103	2079656c6c
1104	206361746368
1105	4c6f6f6b
1106	20757365
1107	626c65
1108	617a
1109	697272656c
1110	207061696e
1111	69727374
1112	2068656172
1113	2068616e6473
1114	5468656e
1115	2073746f7265
1116	2066696e
1117	206578706c
1118	42656e
1119	2075736564
1120	20746872
1121	20737175697272656c
1122	206d6f6d6d79
1123	2073696e67
1124	2066756e6e79
1125	204e6f77
1126	20637261
1127	206579
1128	207469726564
1129	756368
1130	20676f696e67
1131	206269726473
1132	2077616974
1133	206c6f6f6b696e67
1134	20627265
1135	61796265
1136	6f79
1137	206b6974
1138	75676874
1139	7468696e67
1140	656574
1141	20666176
1142	206f7572
1143	616e6765
1144	20646966
1145	6c6564
1146	6c656570
1147	2073756e6e79
1148	206d65616e
1149	2043616e
1150	2070756c6c
1151	207772
1152	656d626572
1153	616972
1154	207061727479
1155	20696365
1156	20747269
1157	20706f6e64
1158	20776f726b
1159	20627573
1160	20666c6f
1161	6368656e
1162	206b69746368656e
1163	20686173
1164	207468696e6b
1165	5765
1166	2073616e64
1167	20776f726b6564
1168	206d657373
1169	6163
1170	20446f
1171	206472
1172	2068656164
1173	6f726e
1174	6f68
1175	206f7468657273
1176	74696e67
1177	756974
1178	6e67
1179	2065796573
1180	206d6f72616c
1181	206661766f72
1182	20736f756e64
1183	206661766f72697465
1184	207265616c
1185	206f6b6179
1186	20626568
1187	207a
1188	20e2809c
1189	6c6c6f77
1190	726577
1191	696f7573
1192	20736861726564
1193	617468
1194	6f686e
1195	2074616c6b
1196	2072656d656d626572
1197	7a79
1198	6a6f79
1199	20616476656e74
1200	6d61
1201	2061736b
1202	656c6c6f
1203	48656c6c6f
1204	20706965
1205	206d6f6e
1206	20636f6e
1207	2063757269
1208	2079617264
1209	20766f
1210	207269
1211	207269676874
1212	20636f6c64
1213	696d6573
1214	20696d706f7274
1215	20626c6f636b
1216	20637572696f7573
1217	20637574
1218	2047
1219	20646973
1220	6c6c79
1221	20656e6a6f79
1222	206d6f7665
1223	2072657374
1224	206f776e
1225	2068696c6c
1226	20666f6c6c6f77
1227	206d616b696e67
1228	72656564
1229	207377656574
1230	20686f70
1231	4174
1232	20666c6f776572
1233	20746f70
1234	20646972
1235	206669727374
1236	20627269676874
1237	2073686f
1238	204a61636b
1239	446f6e
1240	206c616479
1241	2064726177
1242	20696d706f7274616e74
1243	6b656e
1244	6f756e74
1245	2074616c6c
1246	2077617463686564
1247	20626567616e
1248	2072616365
1249	696564
1250	207468696e67
1251	20636c61
1252	207461696c
1253	73746572
1254	2062656c
1255	4166746572
1256	66657265
1257	20736c656570
1258	206475636b
1259	576f77
1260	207069636b
1261	20626167
1262	2064696666657265
1263	20666f7267
1264	206e69676874
1265	20686964
1266	656374
1267	206461726b
1268	20616772656564
1269	20666c6f6f72
1270	206772617373
1271	2068657265
1272	20686f74
1273	207461626c65
1274	2073746f70
1275	2068616972
1276	717565
1277	2068756e
1278	2074617374
1279	206c6561766573
1280	20736f6e67
1281	2054686973
1282	2073686f7574
1283	6172696e67
1284	20766f696365
1285	207377696e67
1286	206e6565646564
1287	20776f727279
1288	207072696e
1289	2079656c6c6f77
1290	2072656164
1291	206472657373
1292	2077616c6b696e67
1293	20646966666572656e74
1294	69676e
1295	2074656c6c
1296	207275
1297	576879
1298	207472656573
1299	20706170
1300	20706c65617365
1301	20616476656e74757265
1302	20446164
1303	204d72
1304	2064656c
1305	207475726e6564
1306	20636c6f736572
1307	2046696e
1308	4d6178
1309	20636f6c6f7273
1310	e28099
1311	636f
1312	53756464656e6c79
1313	206661726d
1314	2063617273
1315	207375727072697365
1316	206c61756768
1317	2068756e677279
1318	20646f6573
1319	697379
1320	6163686564
1321	6f6f6d
1322	2053756464656e6c79
1323	207069656365
1324	206c696f6e
1325	20776574
1326	2054696d6d79
1327	707079
1328	627965
1329	626f
1330	69656e74
1331	537565
1332	206372696564
1333	53616d
1334	2070726f6d
1335	2070726574656e64
1336	20667269656e646c79
1337	696c61
1338	65726564
1339	20626c6f636b73
1340	20616e6f74686572
1341	416e6e61
1342	20747261696e
1343	2064616e6365
1344	20776f6f64
1345	2066756c6c
1346	20626568696e64
1347	2062726f6b656e
1348	20746f756368
1349	6166
1350	20636c696d626564
1351	2064616e63
1352	204a616e65
1353	206170706c65
1354	20627574746572
1355	636b6564
1356	20676f6e65
1357	62626564
1358	7768657265
1359	536f
1360	7368
1361	2054686174
1362	20737465
1363	20616d617a
1364	536865
1365	206665656c696e67
1366	2072756e6e696e67
1367	2066616972
1368	204173
1369	20736d656c6c
1370	6176
1371	2068656c70696e67
1372	20676f6f64627965
1373	20616e74
1374	207265616479
1375	207061706572
1376	20706572
1377	206c697374656e6564
1378	2072656163686564
1379	61746572
1380	696b65
1381	207377696d
1382	206f6e6c79
1383	616279
1384	69636564
1385	20686f6c64
1386	206372
1387	53617261
1388	204f
1389	207265706c
1390	206163
1391	20426f626f
1392	20726f6c6c
1393	20637265616d
1394	20707573686564
1395	20636c6f7365
1396	20736c6f77
1397	20636f6f6c
1398	206669676874
1399	2077616c6c
1400	726564
1401	20736974
1402	7065
1403	617368
1404	206d757374
1405	206c69676874
1406	20676c6164
1407	20776167
1408	2066697265
1409	20416c6c
1410	206c657373
1411	20647269
1412	69656c64
1413	20646f6e65
1414	20706c616e
1415	2074696e79
1416	20776f6e646572
1417	206f776c
1418	206672756974
1419	206d6f6d656e74
1420	207468726f756768
1421	6b6579
1422	20737475636b
1423	20647265616d
1424	6f7474
1425	2077696e646f77
1426	496e
1427	2073656573
1428	20747279696e67
1429	206265656e
1430	20626172
1431	6174686572
1432	207265616368
1433	206578706c6f7265
1434	206275696c64
1435	206172
1436	616d6573
1437	2077697365
1438	2062616279
1439	2064696e
1440	2068696465
1441	204d6f6d6d79
1442	206a6f696e
1443	207468616e6b
1444	206c6f6f6b73
1445	20776973686564
1446	2070656e
1447	20626974
1448	20636c6f7564
1449	2045766572796f6e65
1450	206e657374
1451	20646f696e67
1452	207363617279
1453	20627579
1454	2073686f75746564
1455	2066616c6c
1456	20636f6d696e67
1457	616e6479
1458	20626c6577
1459	20616972
1460	616d70
1461	207365656e
1462	617679
1463	4d6961
1464	207265706c696564
1465	6f6e6579
1466	2062757474657266
1467	207472656174
1468	206368696c64
1469	2070657266
1470	2068656c64
1471	206c656674
1472	206272616e
1473	7068
1474	61697379
1475	2077696e
1476	61736b
1477	20717569636b
1478	20756e6465727374
1479	206d6174
1480	656c79
1481	4f6b6179
1482	6f726d
1483	6e646d61
1484	2066696c6c
1485	2067726162626564
1486	20637570
1487	20626f6f6b73
1488	206c616e64
1489	206469727479
1490	20736e6f77
1491	2070756c6c6564
1492	2064726f
1493	20626967676572
1494	20776879
1495	20736f6d6574696d6573
1496	206d69676874
1497	697a6564
1498	2072656d656d6265726564
1499	20636f6c6f7266756c
1500	207475726e73
1501	206e616d65
1502	2063617374
1503	2062726f6b65
1504	20636f756e74
1505	20686f70706564
1506	20626f7474
1507	7570
1508	206368616972
1509	2073706c
1510	2073757265
1511	6174696f6e
1512	6f7570
1513	2070696e6b
1514	20636c6170706564
1515	646572
1516	75636b79
1517	696379
1518	206a6f62
1519	277265
1520	207468726565
1521	20737461796564
1522	205468657265
1523	20676966
1524	2067616d6573
1525	4f68
1526	6f757468
1527	206d6f757468
1528	746f6e
1529	726f6f6d
1530	204166746572
1531	6f776572
1532	207761766564
1533	20616e797468696e67
1534	207061696e74
1535	206c6573736f6e
1536	6565
1537	20776f6f6473
1538	20736574
1539	2067726f77
1540	20776169746564
1541	206e6f7469636564
1542	20636f6e74
1543	6978
1544	2073706f74
1545	20656e6a6f796564
1546	20706f74
1547	2062616c6c6f6f6e
1548	207069637475726573
1549	20627574746572666c79
1550	20616c6f6e65
1551	207768697465
1552	20706c616e74
1553	206865617679
1554	20626565
1555	54686973
1556	207469676874
1557	617274
1558	207377616d
1559	20736561
1560	486572
1561	75646479
1562	2062726f74686572
1563	207468726577
1564	2067656e74
1565	222e
1566	20717569636b6c79
1567	20666f6c6c6f776564
1568	206d697373
1569	2064656570
1570	206c696b6573
1571	6473
1572	53706f74
1573	426f62
1574	20636f6f6b696573
1575	206d6172
1576	20776f726c64
1577	206a75
1578	696e73
1579	2065766572797768657265
1580	6f6c6c79
1581	20636c6f74
1582	6173757265
1583	207075
1584	20636c6f74686573
1585	2079656172
1586	6f756e
1587	4c756379
1588	617065
1589	6175676874
1590	6465
1591	6c63
1592	206c656166
1593	6973746572
1594	20706174
1595	7a65
1596	726f7373
1597	2077726f6e67
1598	636c65
1599	2077656172
1600	204461697379
1601	72696573
1602	20636173746c65
1603	206d756d
1604	2077656c6c
1605	206e6170
1606	6172656e74
1607	204a6f686e
1608	6c657373
1609	6e6572
1610	6d616e
1611	20726f756e64
1612	20717569
1613	756564
1614	206d616b6573
1615	616e67
1616	206d6978
1617	207175696574
1618	2062726f75676874
1619	20706172656e74
1620	20637265
1621	20746f776572
1622	2068696d73656c66
1623	6f65
1624	206669656c64
1625	204275646479
1626	2072696465
1627	20776f6e
1628	207665
1629	20736e61636b
1630	20627574746f6e
1631	2064616e636564
1632	2077616e7473
1633	2057686174
1634	20666f72676f74
1635	20666173746572
1636	206d7573
1637	20627265616b
1638	6f73
1639	2061726d
1640	756c6c79
1641	206b6579
1642	446f
1643	2077697368
1644	204c696c61
1645	2064656c6963
1646	20686974
1647	746879
1648	2074616c6b6564
1649	2064726167
1650	2067696674
1651	206265616368
1652	6767
1653	2073686172696e67
1654	207369676e
1655	726f77
1656	66756c6c79
1657	20636f6d70
1658	63657373
1659	20736973746572
1660	207269766572
1661	726f74
1662	2066696e6973686564
1663	6c657068
1664	20706f6c
1665	656e6365
1666	20647279
1667	2062696b65
1668	207261
1669	46726f6d
1670	207368696e
1671	206c6567
1672	6379
1673	2064616e676572
1674	61726473
1675	20766973
1676	206b696e67
1677	2064696e6e6572
1678	206272616e6368
1679	20626f74746c65
1680	207265616c6c79
1681	20756e6465727374616e64
1682	766573
1683	206d6f6e6b6579
1684	70706572
1685	20667572
1686	72656e
1687	20647261676f6e
1688	20496e73696465
1689	616e6365
1690	20626f72
1691	697474656e
1692	2072656c
1693	20546f
1694	4a6f686e
1695	206d6f6e73746572
1696	20706967
1697	20626c61636b
1698	20656d
1699	204174
1700	757368
1701	20636f6e74696e
1702	65646479
1703	20736e616b65
1704	206769
1705	2066696c6c6564
1706	206661697279
1707	486973
1708	20666f78
1709	20746f646179
1710	20737072
1711	20726f636b73
1712	20706f696e
1713	696d69
1714	416d79
1715	20736d617274
1716	20736f6d656f6e65
1717	2066616e
1718	206775
1719	2077656c63
1720	206c6574746572
1721	20617474
1722	20636f77
1723	617374
1724	20776865
1725	2073696465
1726	76656c
1727	697474696e67
1728	20776f7272696564
1729	20656174696e67
1730	206361726566756c6c79
1731	63746f72
1732	4a757374
1733	206d75736963
1734	2073616e67
1735	2070726f6d69736564
1736	736573
1737	20706172656e7473
1738	2065766572797468696e67
1739	20626f776c
1740	5768696c65
1741	20796573
1742	20656c
1743	656164
1744	20706965636573
1745	206d61696c
1746	207669736974
1747	20706574
1748	2070756464
1749	2066726565
1750	2062726f776e
1751	2042696c6c79
1752	7a7a
1753	2062697465
1754	206368696c6472656e
1755	204d61796265
1756	61746564
1757	2073696c6c79
1758	20636f6e74696e756564
1759	2073686f70
1760	20726f6164
1761	7473
1762	20726573
1763	20626f756e
1764	2068617070656e
1765	20736f7570
1766	20656c7365
1767	7374656164
1768	2074616c6b696e67
1769	20656767
1770	20536f6f6e
1771	206a6172
1772	20666c79696e67
1773	206d7564
1774	20717565
1775	2ee2809d
1776	20736d696c6573
1777	2070657266656374
1778	46696e
1779	207468726f77
1780	207265616c697a6564
1781	20456d
1782	656c6c61
1783	20776167676564
1784	206d6f766564
1785	2063726162
1786	2073697474696e67
1787	206c61756768696e67
1788	206472696e6b
1789	206d6f74686572
1790	20656e6f756768
1791	20726f7065
1792	205361726168
1793	676c79
1794	207368696e696e67
1795	20636c6f736564
1796	20616d617a696e67
1797	636b6574
1798	2062617468
1799	205a
1800	6f7264
1801	20736563
1802	20706177
1803	206b697465
1804	206275636b
1805	20737472616e6765
1806	20736d6f
1807	204d696d69
1808	207361696c
1809	756e6368
1810	20776f726473
1811	20656172
1812	66697368
1813	20776974686f7574
1814	2064616e6765726f7573
1815	206f72616e6765
1816	2077656c636f6d65
1817	20737475
1818	2070617373
1819	202d
1820	20736563726574
1821	4d61796265
1822	7070696e67
1823	206365
1824	666f7274
1825	206f776e6572
1826	206c6f6e
1827	2063616e6479
1828	207768697374
1829	207461737479
1830	2073686f6573
1831	20637279696e67
1832	2073746f6e65
1833	207374616e64
1834	206261726b6564
1835	206c6f6e656c79
1836	206c6976696e67
1837	75736564
1838	69766572
1839	206865616c
1840	69736573
1841	207361636b
1842	20707265
1843	63686573
1844	2070617374
1845	2070757270
1846	21e2809d
1847	206d6f726e696e67
1848	20686967686572
1849	696368
1850	61726d
1851	2070757368
1852	2062656c6965
1853	20426c
1854	2073637265616d
1855	206772616e646d61
1856	616d61
1857	506c65617365
1858	2073747265
1859	204a656e
1860	207068
1861	69736b
1862	20707572706c65
1863	20626c616e6b
1864	6779
1865	61746f
1866	72616374
1867	69626c65
1868	6579
1869	626f617264
1870	207368656c6c
1871	6c657068616e74
1872	63686f6f6c
1873	207377696e6773
1874	20636175676874
1875	204368
1876	6c6c6965
1877	6c6c61
1878	2066696e616c6c79
1879	20626c616e6b6574
1880	6f6e73
1881	6d65
1882	2067657474696e67
1883	2061736b73
1884	20726f6c6c6564
1885	207363686f6f6c
1886	206d6164
1887	2064656c6963696f7573
1888	4d6f6d6d79
1889	2074726f75
1890	736574
1891	656f
1892	2074656163
1893	61736564
1894	20746f6d
1895	20707564646c65
1896	2070696c65
1897	206d696e65
1898	636b73
1899	697265
1900	20626174
1901	206170706c6573
1902	206661726d6572
1903	696768
1904	20776f7265
1905	2073616d65
1906	2068657273656c66
1907	69736b657273
1908	20646f6c6c73
1909	6c646572
1910	207472656173757265
1911	7562
1912	6272
1913	61736b6574
1914	2063757465
1915	2077696e6773
1916	2073696e67696e67
1917	2063726179
1918	2067656e746c65
1919	20546f6d6d79
1920	2070657273
1921	206261736b6574
1922	204a6f65
1923	20666974
1924	2062616c6c73
1925	20706c616e65
1926	2064726f70706564
1927	207965617273
1928	206d6f6e6579
1929	206a65
1930	2072756e73
1931	20636172726f74
1932	206c616b65
1933	20656c657068616e74
1934	2063686565
1935	20636f726e
1936	2062656e
1937	0a20
1938	7468646179
1939	69727468646179
1940	20636f6174
1941	20686f706564
1942	20636f7572
1943	207374617274
1944	206272696e67
1945	2073656172
1946	2064617973
1947	617567687479
1948	20636f75727365
1949	2074656163686572
1950	206e617567687479
1951	20776f6b65
1952	61746f72
1953	2061727269
1954	20666f7265766572
1955	20646f63746f72
1956	20426c7565
1957	696e6564
1958	46696e616c6c79
1959	2075676c79
1960	206d6f7374
1961	206c756e6368
1962	756d7079
1963	206a75696365
1964	207465646479
1965	2070726f6d697365
1966	2070696c6c
1967	206d696e
1968	206a6f79
1969	2062757368
1970	20576869736b657273
1971	617270
1972	2073656564
1973	207370696e
1974	206f62
1975	20686964696e67
1976	206269727468646179
1977	205468616e6b
1978	2042656c6c61
1979	6f7365
1980	697274
1981	20726f62
1982	2062616e64
1983	206c656d
1984	69746368
1985	2076696c6c
1986	61696c
1987	20746f7563
1988	20477261
1989	6f6c
1990	20777261
1991	61706573
1992	276c6c
1993	20776172
1994	20737472656574
1995	207368617270
1996	696c6b
1997	6970706564
1998	2066656e6365
1999	2046726564
2000	7377
2001	617373
2002	2067726577
2003	20616e7377
2004	204c656f
2005	20656173
2006	20636f6f6b6965
2007	6d6564
2008	4a61636b
2009	206d696c6b
2010	20626f77
2011	207465616368
2012	2073706f6f6e
2013	6675736564
2014	207468696e6b73
2015	2063617264
2016	2062656c6f6e67
2017	20736861706573
2018	616c65
2019	20736879
2020	20706f70
2021	626f77
2022	20736872
2023	696572
2024	206272656164
2025	69646765
2026	20726f636b6574
2027	20706f776572
2028	206d61726b
2029	20696e63
2030	2062656c69657665
2031	7379
2032	62616c6c
2033	20746f7563686564
2034	20736c6f776c79
2035	206372656174
2036	2063726177
2037	20626f6e65
2038	7363
2039	206865617274
2040	2062656e6368
2041	65727279
2042	206c617465
2043	2061626c65
2044	2070726f62
2045	206d61676963616c
2046	2061727269766564
2047	6c696e67
2048	65746572
2049	20616d617a6564
2050	6f6f7365
2051	656d79
2052	20726f626f74
2053	20706f636b6574
2054	2074726970
2055	2067726179
2056	2064697274
2057	206275636b6574
2058	2062656c6c
2059	7572746c65
2060	206b697373
2061	20636f6c6c
2062	206361727279
2063	2062757379
2064	2073686f6f6b
2065	206e7574
2066	206e756d
2067	2063686565726564
2068	2073656174
2069	206e6f7365
2070	756e67
2071	206665656c73
2072	20666577
2073	6c656d
2074	207477696e73
2075	20636f696e
2076	207a6f6f6d
2077	2076696c6c616765
2078	2070726f626c656d
2079	206772756d7079
2080	6561726564
2081	2073746f726d
2082	206669786564
2083	617070
2084	20736f756e6473
2085	20737567
2086	206e65636b
2087	6f7374
2088	206c697665
2089	206b697474656e
2090	4f4b
2091	2073706f
2092	2070617469656e74
2093	20776f6e64657266756c
2094	2073746f72696573
2095	20796f756e67
2096	6b696e
2097	207368616b65
2098	756e61
2099	2068756765
2100	696767
2101	2077696465
2102	20737061726b
2103	20636865657365
2104	20746f7761726473
2105	2072756465
2106	2064697374
2107	20776865656c
2108	207261696e626f77
2109	476f6f64
2110	20636f766572
2111	2063617274
2112	2074616b696e67
2113	207075707079
2114	206769616e74
2115	2077617665
2116	666f727461626c65
2117	2077686973746c65
2118	6f75726e
2119	4c696c61
2120	20747265617473
2121	206469
2122	20646573
2123	697270
2124	6570656e64
2125	20747572746c65
2126	206a6f75726e
2127	20737472696e67
2128	20736f6e6773
2129	206d656574
2130	207570736574
2131	20686f72
2132	20647269766572
2133	6f7068
2134	62626c65
2135	20776f726d
2136	20646973617070
2137	61646f77
2138	20636972
2139	53757265
2140	2067726162
2141	20416e6e
2142	20737563
2143	20686f6c64696e67
2144	20686f6e6579
2145	2073616c
2146	206d6f6f6e
2147	206c696665
2148	204d6f6d6f
2149	2062756773
2150	656e73
2151	4f66
2152	20696e76
2153	204a757374
2154	4265
2155	206c6179
2156	206669676874696e67
2157	696c696e67
2158	20736f7572
2159	20726563
2160	206d697374
2161	2070617468
2162	2062616e
2163	6f756e7461696e
2164	697361
2165	20736d6f6f7468
2166	6f7273
2167	656c6c79
2168	204e
2169	696665
2170	20726164
2171	206c75636b79
2172	206a6577
2173	204f6e
2174	206e6574
2175	206a6577656c
2176	20626f7373
2177	626c6564
2178	616c6d
2179	20736d656c6c79
2180	2068756773
2181	204d61726b
2182	207468696e
2183	20627269
2184	6f6e657374
2185	2073616e6477
2186	2052656d79
2187	756e74
2188	6f7665
2189	5374
2190	2077696c64
2191	206e6f69736573
2192	2062616e616e
2193	756c6172
2194	206e6f7465
2195	20686f6e657374
2196	20456d6d61
2197	20736572
2198	207072696e63657373
2199	20636c6f7468
2200	206261
2201	206d6973736564
2202	206a6f6b65
2203	206265616b
2204	207365656b
2205	207065616365
2206	7370
2207	6e6f74
2208	6c6f776572
2209	207461737465
2210	207368656c66
2211	206c616e646564
2212	20636f75
2213	2063617665
2214	69676572
2215	20736e6f776d616e
2216	206d6564
2217	20646f6773
2218	2063616e6e6f74
2219	206163726f7373
2220	697a7a79
2221	2046696e616c6c79
2222	657274
2223	2073656c
2224	2063726f7373
2225	61746566756c
2226	617572
2227	2070617274
2228	204d6f6c6c79
2229	657374
2230	2073706c6173
2231	2073756464656e6c79
2232	206a656c6c79
2233	206475636b73
2234	2064726f7665
2235	206472697665
2236	206f7267616e
2237	206d61796265
2238	20696e7374656164
2239	2066616e6379
2240	2068656c7066756c
2241	2063686577
2242	20616374
2243	20666f6f74
2244	546f
2245	2073746570706564
2246	206c656d6f6e
2247	20616476656e7475726573
2248	2073746570
2249	20677261746566756c
2250	20657870
2251	69616e
2252	207369636b
2253	206f76656e
2254	657265
2255	4c61746572
2256	206c696e65
2257	205370
2258	20446f67
2259	72656164
2260	2064697368
2261	2069676e
2262	6f707079
2263	207a6f6f
2264	207761736e
2265	486579
2266	20776f726b696e67
2267	2077617368
2268	20737065
2269	20676c6f77
2270	20666c65
2271	6f7065
2272	6f6f6d79
2273	2073656c66697368
2274	206368616e6765
2275	206176
2276	6c6574
2277	697479
2278	2070757a7a
2279	206a6f67
2280	20636f6e6675736564
2281	2063686f
2282	207072616374
2283	697272
2284	696479
2285	6572657374
2286	206c6164
2287	206865616c746879
2288	206461646479
2289	207772697465
2290	2074616b6573
2291	20696e746572657374
2292	20636170
2293	20626f75676874
2294	207765616b
2295	2070616e
2296	206c617374
2297	20666f7267697665
2298	20666f72676574
2299	20617368
2300	69646572
2301	206d65737379
2302	207374617273
2303	207368697274
2304	2077686f6c65
2305	20746561
2306	20736c6964
2307	20636f6d6573
2308	2070686f6e65
2309	20626f6f74
2310	636f6c
2311	207761746368696e67
2312	20737469636b73
2313	2070726f74
2314	206c6164646572
2315	77617264
2316	207465616d
2317	2073617665
2318	20686f7065
2319	20636861736564
2320	20616e796f6e65
2321	70656374
2322	206d7973746572
2323	206c696674
2324	20636c65766572
2325	2070696c6c6f77
2326	204f6c6c6965
2327	746f
2328	697a65
2329	2066656174686572
2330	2073706c617368
2331	2065617379
2332	616d6564
2333	20656c646572
2334	6f726b
2335	20656c6465726c79
2336	6f63
2337	53616c6c79
2338	207365656d6564
2339	20706f7572
2340	204c697361
2341	65766572
2342	62626c6573
2343	206d696e64
2344	206c656773
2345	2066696e697368
2346	20706c616e7473
2347	2063616c6d
2348	20616c6f6e67
2349	697a7a
2350	2074696479
2351	20706572736f6e
2352	206261726b
2353	2076616c
2354	20726574
2355	20707269
2356	2068756d
2357	756c74
2358	6974696e67
2359	69727079
2360	61696e6564
2361	536f6f6e
2362	2074617065
2363	207361766564
2364	207375
2365	20686f727365
2366	6c6c6f
2367	436f6d65
2368	207368656570
2369	2072657475726e
2370	20436174
2371	3fe2809d
2372	2070726574656e646564
2373	2070696e
2374	206c6f6e676572
2375	206661636573
2376	206d616368
2377	206c6f636b
2378	206c61746572
2379	20696e746572657374696e67
2380	75616c6c79
2381	64656e
2382	20776f6c66
2383	204461646479
2384	20636f7a79
2385	696f6e73
2386	2073637265616d6564
2387	20656d70
2388	20636c6f756473
2389	6f636b6564
2390	2077616974696e67
2391	2073757070
2392	2072696e67
2393	20656d707479
2394	20656167
2395	204275
2396	626f78
2397	20776f6e6465726564
2398	20746965
2399	206d697374616b65
2400	20626f756e6365
2401	20436f6d65
2402	20656e74
2403	20736c65657079
2404	2072696368
2405	205456
2406	207374726574
2407	20706f6f6c
2408	20626f737379
2409	2073756368
2410	206472616e6b
2411	2074686f756768
2412	20737069646572
2413	2066616b65
2414	20636869636b
2415	206272757368
2416	756e6b
2417	6f726d616c
2418	657468
2419	20546f676574686572
2420	70696c6c
2421	70696c6c6172
2422	206e6f726d616c
2423	206275696c64696e67
2424	207377696d6d
2425	207375676172
2426	2073747261
2427	206f6e746f
2428	204475636b79
2429	6c656272
2430	206c6172
2431	20676f6174
2432	2042656e6e79
2433	2063656c656272
2434	2057697468
2435	4b69747479
2436	20717565656e
2437	2068696464656e
2438	20436869727079
2439	207072696e74
2440	207061636b
2441	206c6177
2442	206769766573
2443	207370726179
2444	206d616368696e65
2445	20637261796f6e73
2446	206b69636b
2447	20676174686572
2448	20667275697473
2449	2064726577
2450	2063686572
2451	75727365
2452	206c6f76656c79
2453	206a756d70696e67
2454	6f6e74
2455	697a7a61
2456	20706f696e746564
2457	206368656572
2458	2063616765
2459	697070
2460	657270696c6c6172
2461	206578706c6f72
2462	20636174657270696c6c6172
2463	2061726d73
2464	2077696e67
2465	20676c7565
2466	204d79
2467	207370696379
2468	207072696e6365
2469	2066726f6e74
2470	20456c6c61
2471	207377696d6d696e67
2472	2070656e63
2473	656b
2474	2076616e
2475	2074726f75626c65
2476	2070656e63696c
2477	205468656972
2478	204772616e646d61
2479	206c61726765
2480	2066696e67
2481	2066696c
2482	656c70
2483	416e64
2484	20746f77656c
2485	206d6174746572
2486	20636c65616e6564
2487	61636564
2488	20736561726368
2489	206e756d626572
2490	206170706561726564
2491	204c756e61
2492	20696379
2493	6f6f70
2494	2077726170
2495	2070757473
2496	206d697272
2497	206d656c
2498	206675727279
2499	204d616d61
2500	20476f
2501	79617264
2502	2070726179
2503	206a6f75726e6579
2504	2067656e746c79
2505	206261636b79617264
2506	2054696e79
2507	205374
2508	6d656e74
2509	20736d656c6c6564
2510	206e6561726279
2511	206d6972726f72
2512	6f6f66
2513	2077616e64
2514	20706f77657266756c
2515	2066656172
2516	20446f676779
2517	796d
2518	6e6564
2519	6c6576
2520	646765
2521	20696d6167
2522	2067756e
2523	20636972636c65
2524	657279
2525	20736d696c696e67
2526	2070697a7a61
2527	206d61746368
2528	20636f756368
2529	20576879
2530	6f6e6573
2531	617370
2532	20706c61636573
2533	20637269
2534	204272
2535	6f73617572
2536	69636b6564
2537	53746f70
2538	2064696e6f73617572
2539	206170
2540	204a696d
2541	766f7573
2542	6973736f7273
2543	61756768746572
2544	48656c70
2545	206e65696768
2546	20636c617373
2547	206166
2548	20536f6d6574
2549	204a696c6c
2550	207472757374
2551	206e6569676862
2552	2063617272696564
2553	204a65727279
2554	7061
2555	6f72726f77
2556	67657374
2557	20776f6d
2558	20706c617465
2559	206c617a79
2560	20666c6167
2561	696e61
2562	20776f6d616e
2563	207175657374
2564	206a656570
2565	20687572
2566	20617368616d6564
2567	2079656c6c6564
2568	207472696573
2569	2074727565
2570	2074656172
2571	2073636973736f7273
2572	206c616d70
2573	2067617465
2574	20737572
2575	20676c617373
2576	20667269676874
2577	2064616e63696e67
2578	2062616c
2579	69717565
2580	626279
2581	4d79
2582	20756e69717565
2583	2073686970
2584	2073616e6477696368
2585	206472756d
2586	206461756768746572
2587	20627269646765
2588	204966
2589	20746f6d6f72726f77
2590	2073746972
2591	20736f636b
2592	2070726f74656374
2593	2064657374
2594	2042756e6e79
2595	2077656172696e67
2596	20737072696e67
2597	20727562
2598	2068656c6c6f
2599	72616964
2600	207765697264
2601	206e6572
2602	2069676e6f72
2603	20676f6573
2604	20656d62
2605	206561676572
2606	20616672616964
2607	656e73697665
2608	2074656e74
2609	20657870656e73697665
2610	20616e7473
2611	6974746572
2612	6970706572
2613	2074657374
2614	20736166
2615	20706f6f72
2616	206368617365
2617	206e6572766f7573
2618	20667269676874656e6564
2619	756767
2620	20426f626279
2621	207468657365
2622	2073756363657373
2623	20726567
2624	20696d7072657373
2625	6d6572
2626	6177
2627	20756e6b
2628	2073746f6f64
2629	72617373
2630	617272617373
2631	757465
2632	2073706c6173686564
2633	20736f6170
2634	20706f7461746f
2635	2070756d70
2636	206c6f766573
2637	20696e63726564
2638	20656d62617272617373
2639	20486f77
2640	76656e7475616c6c79
2641	636564
2642	20736f6c
2643	20736861726b
2644	20676f6c64
2645	2066656574
2646	2064697a7a79
2647	20626f72696e67
2648	2062616b65
2649	6e6f776e
2650	696666
2651	2070757a7a6c65
2652	206e6f7468696e67
2653	20696e6372656469626c65
2654	204265
2655	7765
2656	6e657373
2657	61726c
2658	20776973
2659	20756e6b6e6f776e
2660	207465657468
2661	206d61736b
2662	20646967
2663	204d617279
2664	6f6e64
2665	6e647061
2666	20646973636f
2667	206372656174697665
2668	75706964
2669	20776970
2670	2075736566756c
2671	207374726177
2672	2070726573
2673	206b6e6f636b6564
2674	2067656e
2675	75616c
2676	697370
2677	2072657370656374
2678	206465636f72
2679	2067696767
2680	6265727279
2681	20706179
2682	20526578
2683	7261746564
2684	637265616d
2685	616e79
2686	2073636172
2687	206c656164
2688	206d7973746572696f7573
2689	206d61726368
2690	20636c6f736574
2691	20636c6f636b
2692	207768697370
2693	2064697367
2694	20737475706964
2695	20737175617265
2696	20676f6f7365
2697	2066616d6f7573
2698	2063686f636f6c
2699	207768616c65
2700	20706f6c697465
2701	20616e73776572
2702	67657461626c65
2703	636f6d
2704	61697273
2705	546f6d6d79
2706	446164
2707	20766567657461626c65
2708	20736f6c64
2709	20706561636566756c
2710	206b69636b6564
2711	2067656e6572
2712	20506c65617365
2713	2042697264
2714	6f7465
2715	65727269
2716	61646f
2717	20746f6d61746f
2718	20736e61636b73
2719	20666f6f6c
2720	20657363
2721	20636f726e6572
2722	2063616e64
2723	207374756479
2724	2070617773
2725	2063726f776e
2726	2062616c64
2727	20446f6e
2728	6f726d6f7573
2729	666963
2730	207377616e
2731	20737465616b
2732	2072656c6965
2733	206e6f697379
2734	20646966666963
2735	2062616e616e61
2736	6c766573
2737	20736861646f77
2738	206d65646963
2739	206d656173757265
2740	206a616d
2741	2064697367757374
2742	20646966666963756c74
2743	2063686f636f6c617465
2744	726f62
2745	6f776564
2746	657261
2747	656469656e74
2748	20796f67
2749	20776f756c646e
2750	207761676f6e
2751	206d6f6d73
2752	206d65646963696e65
2753	2066656564
2754	20647567
2755	2042656172
2756	2033
2757	20746869636b
2758	20737175617368
2759	2073686f65
2760	2073636f
2761	20726f756768
2762	206d757368
2763	2064697367757374696e67
2764	206272616e63686573
2765	20626c6f77
2766	7573747261746564
2767	6d62
2768	2070726573656e74
2769	2042726f776e
2770	726f6265
2771	726f79
2772	706573
2773	207061696e746564
2774	206d6f756e7461696e
2775	20686172
2776	20656e6f726d6f7573
2777	2065676773
2778	20536f6d6574696d6573
2779	207465727269
2780	20706572666f726d
2781	206f62656469656e74
2782	206d6973
2783	2064657374726f79
2784	2064656164
2785	20416e6479
2786	756365
2787	20756e64657273746f6f64
2788	2073776f7264
2789	207370616365
2790	207363617265
2791	2073616c6164
2792	20727567
2793	206d69786564
2794	206275726e
2795	205065
2796	2073656c6c
2797	20686f726e
2798	2066727573747261746564
2799	6f727279
2800	656e6e79
2801	6369656e74
2802	20737465616c
2803	2067656e65726f7573
2804	20636c6179
2805	6967686564
2806	6173736573
2807	20746f7567
2808	20746173746564
2809	207374756666
2810	20726f6172
2811	206d6f74
2812	206c6162
2813	2067726f7570
2814	20616e6369656e74
2815	7265656e
2816	54696d6d79
2817	20737072656164
2818	206b6e696665
2819	20666f6f6c697368
2820	706c65
2821	20746f756768
2822	2070756d706b696e
2823	206d757368726f6f6d
2824	20627265617468
2825	206261726e
2826	636f726e
2827	207469636b
2828	2072617265
2829	206865726f
2830	20636f7665726564
2831	20626974746572
2832	756e676c65
2833	756d65
2834	20736d616c6c6572
2835	20636c6170
2836	20626f726564
2837	757375616c
2838	20746175676874
2839	207469676572
2840	206a756e676c65
2841	20636c656172
2842	206265616e
2843	20496e7374656164
2844	207363617266
2845	206d6f76696e67
2846	206d656c6f6e
2847	2068616e67
2848	616b696e67
2849	20796f757273656c66
2850	2077616b65
2851	2072656c6965766564
2852	20706562626c65
2853	206f7264
2854	206e757473
2855	20646973636f766572
2856	20536f6d65
2857	546f676574686572
2858	207768696368
2859	207465727269626c65
2860	207374616e64696e67
2861	20726566
2862	206d61726b6574
2863	20636f70
2864	20756e757375616c
2865	206a6f696e6564
2866	206578706c6f72696e67
2867	2063726f
2868	2061646d
2869	7569746172
2870	696e616c
2871	6174746572
2872	2074686f7567687466756c
2873	20677569746172
2874	2064726177696e67
2875	2061736c656570
2876	20696e64
2877	706f7274
2878	6c616e64
2879	2073756e66
2880	207061737461
2881	2061736b696e67
2882	66746564
2883	206d756666
2884	20636f6d62
2885	616c6f7573
2886	48657265
2887	2073706f696c6564
2888	207365616c
2889	2073717565
2890	206a65616c6f7573
2891	2057696c6c
2892	756d7379
2893	6967696e616c
2894	616d6f6e64
2895	496e73696465
2896	2076617365
2897	20686179
2898	20666f6c64
2899	206368656170
2900	20636172726f7473
2901	2074726f75626c6564
2902	206865617273
2903	20666174
2904	20656e67
2905	206469616d6f6e64
2906	2064756c6c
2907	20636f7374
2908	20636f6e65
2909	206265636f6d65
2910	6f70617264
2911	6972737479
2912	6964656e74
2913	207370656e74
2914	2068617473
2915	20506f707079
2916	2027
2917	756c62
2918	616c6b
2919	207365656473
2920	20616464
2921	204a656e6e79
2922	2073756974
2923	206861726d
2924	206172726f77
2925	696c74
2926	65726365
2927	417265
2928	207477697374
2929	207468616e6b66756c
2930	2073756e666c6f776572
2931	207374616d70
2932	20706f70636f726e
2933	206f726967696e616c
2934	206861697279
2935	20666965726365
2936	20636f6c6c656374
2937	20626172626572
2938	2062756c62
2939	2053616d6d79
2940	20416c
2941	726167
2942	636f6d666f727461626c65
2943	20746f6f6c
2944	2073747269
2945	2072656c6178
2946	20656d626172726173736564
2947	20636c756d7379
2948	20636869636b656e
2949	2063757368
2950	6f746f
2951	6c69676874
2952	2077726f7465
2953	20756e636f6d666f727461626c65
2954	2074756e
2955	2066696e65
2956	20626c6f6f6d
2957	686f7374
2958	657272696573
2959	536f727279
2960	2074656d
2961	20736e6565
2962	2070696765
2963	206d61696c626f78
2964	206578616d
2965	2064726f70
2966	2062657272696573
2967	79616c
2968	69616e74
2969	6570656e64656e74
2970	64696c65
2971	636f64696c65
2972	2069736c616e64
2973	2066726f776e
2974	2066696e64696e67
2975	2062616c616e6365
2976	204d616e79
2977	7869626c65
2978	616c73
2979	207768656174
2980	206d6967687479
2981	206c6f79616c
2982	206c6f7365
2983	20626568617665
2984	2061636f726e
2985	20456d696c79
2986	6365616e
2987	6170706564
2988	2074686972737479
2989	2073686f6f74
2990	206f6365616e
2991	206775657373
2992	2067686f7374
2993	206578636974696e67
2994	20656e67696e65
2995	20637261796f6e
2996	20636c6f776e
2997	73656c766573
2998	61746368
2999	5768657265
3000	2073636174746572
3001	206d6170
3002	206b6e6f77696e67
3003	20696e646570656e64656e74
3004	20656e64696e67
3005	78696f7573
3006	616e676c65
3007	2072656d696e64
3008	207072697a65
3009	206f7267616e697a6564
3010	206c6966746564
3011	20637261776c
3012	20626f6479
3013	2062656573
3014	2062617468726f6f6d
3015	696e657373
3016	6775
3017	20776f7264
3018	2074696564
3019	2063726f636f64696c65
3020	2063617473
3021	20616e78696f7573
3022	2055
3023	7469
3024	696c6c61
3025	696f
3026	646c65
3027	20747269636b
3028	20707261637469636564
3029	20706c617966756c
3030	206d6963
3031	206a7567
3032	20636f6d666f727461626c65
3033	206368657374
3034	204576656e
3035	676c
3036	486f77
3037	20796f757273
3038	207265636f7264
3039	20726570
3040	207069636b73
3041	206d6f746f72
3042	206c656f70617264
3043	20656e76656c
3044	2063656c656272617465
3045	747469
3046	6e6574
3047	6865747469
3048	61676865747469
3049	2070726f
3050	206a6f6c6c79
3051	20676c6f6f6d79
3052	6c616365
3053	207374756262
3054	20726176656e
3055	206e65636b6c616365
3056	206c697a
3057	20666c617368
3058	20627562626c6573
3059	7368696e65
3060	726179
3061	676c6173736573
3062	616e676564
3063	2073756e676c6173736573
3064	2073746174
3065	20737061676865747469
3066	207365617263686564
3067	20726174
3068	20686f7365
3069	20666973
3070	20646570656e64
3071	206272696c6c
3072	206272616365
3073	616e7473
3074	4d6f6c6c79
3075	207072756e
3076	20666c657869626c65
3077	20657363617065
3078	206272696c6c69616e74
3079	20626f7973
3080	2061756e74
3081	4d616d61
3082	20746f617374
3083	2073747562626f726e
3084	20706967656f6e
3085	20616476656e747572
3086	6c7068
3087	20756e6c
3088	2066726167
3089	206372617a79
3090	2062616c6c6f6f6e73
3091	2061766f63
3092	6e6963
3093	686970
3094	4966
3095	207261636564
3096	20706f77
3097	206572
3098	696761746f72
3099	67726f756e64
3100	207a6970
3101	207370696c6c
3102	20706f6c696365
3103	207069636e6963
3104	206861726d6c657373
3105	20667269656e6473686970
3106	20656e76
3107	20637261776c6564
3108	20636f756e746564
3109	20626f74746f6d
3110	20616476656e7475726f7573
3111	205768696c65
3112	6976
3113	636964656e74
3114	4a616e65
3115	20766567657461626c6573
3116	207573696e67
3117	20747269636b73
3118	20706570706572
3119	2066726167696c65
3120	206578706c61696e6564
3121	2064656c69766572
3122	20636c65616e696e67
3123	206368616e676564
3124	206275696c74
3125	20626f617264
3126	2062656c74
3127	2072616674
3128	20706972
3129	20656e76656c6f7065
3130	20646f6c7068
3131	20646570656e6461626c65
3132	61676573
3133	2073706f74746564
3134	2073656e64
3135	206e61706b696e
3136	206d61676e6574
3137	206c697a617264
3138	2069676e6f72616e74
3139	206672616d65
3140	206368657373
3141	20616c6c696761746f72
3142	4d65
3143	2073756e7368696e65
3144	20737461747565
3145	207363616c65
3146	2073696c
3147	20726f7365
3148	20706173736564
3149	206e65656473
3150	206d65616e74
3151	206c6f75646572
3152	206b6e6565
3153	2063686f6f7365
3154	20626174746572
3155	206174746963
3156	5468656972
3157	207765616c
3158	2073746f6e6573
3159	2073686f7773
3160	20736869766572
3161	206e6f7379
3162	206d6f76
3163	20696d7072657373697665
3164	2068756d626c65
3165	20636f6d706574
3166	2053756e6e79
3167	6f757273
3168	4d756d
3169	2074656d706c65
3170	2074656c6c73
3171	2073747265746368
3172	20736372
3173	736572
3174	696d70
3175	666565
3176	66666565
3177	20726164696f
3178	206c6f67
3179	206b6e69676874
3180	2064656166
3181	20637261636b
3182	20636172656c657373
3183	206163636964656e74
3184	204e6f
3185	776f726b
3186	6974686572
3187	20746167
3188	20737765
3189	20706f70756c6172
3190	2070616e7473
3191	206b6973736564
3192	20686f6f70
3193	20646f7665
3194	696e6b79
3195	6964646c65
3196	657261626c65
3197	207761766573
3198	2073746f7665
3199	207374616765
3200	20736967686564
3201	207072657373
3202	206e65696768626f72
3203	206d6973657261626c65
3204	20647261776572
3205	20636875
3206	756d706574
3207	756c75
3208	6c6c6970
3209	6c6c69706f70
3210	63746f70
3211	4576657279
3212	20776173686564
3213	2077616e646572
3214	20747269616e676c65
3215	207472756d706574
3216	2074616b656e
3217	20736c6970706564
3218	207361696c6f72
3219	206d756666696e
3220	206c6f6c6c69706f70
3221	20686f7070696e67
3222	20676f72
3223	20636875626279
3224	2062696e
3225	20616e67
3226	79696e67
3227	6f6e79
3228	696e617279
3229	61736572
3230	207275696e6564
3231	20706172726f74
3232	206f6e6573
3233	206d617a65
3234	206d6964646c65
3235	206a656c6c7966697368
3236	2066696e676572
3237	2063757368696f6e
3238	20596f7572
3239	6f6d6573
3240	6e656c
3241	6d627265
3242	6d6f7374
3243	6c697665
3244	2077616c6b73
3245	20756d627265
3246	20666967
3247	20636f6d706c
3248	20636f66666565
3249	205472
3250	6961626c65
3251	207961726e
3252	207769746368
3253	207361696c6564
3254	20676f72696c6c61
3255	20666f6c646572
3256	2066696c746879
3257	2064656c6963617465
3258	20636162
3259	63746f707573
3260	2074726176656c
3261	20746875
3262	2073686f7265
3263	20726f6f66
3264	20706f75726564
3265	206d696c6c
3266	206c6f636b6564
3267	206a61636b
3268	206775617264
3269	20656e76696f7573
3270	206465736b
3271	20616e737765726564
3272	72616374697665
3273	636f61
3274	20706f7374
3275	2070656e6e79
3276	2068617070696e657373
3277	20636865657266756c
3278	20636162696e
3279	2062726163656c6574
3280	20616c6d6f7374
3281	756e64
3282	6d6574
3283	20736d6f6b65
3284	20736572696f7573
3285	2072656c6961626c65
3286	206c6f6164
3287	20696e7669746564
3288	206875727473
3289	20676172
3290	2064656c69676874
3291	2062617365
3292	2061747472616374697665
3293	7061636b
3294	657874
3295	61707079
3296	20756d6272656c6c61
3297	2074756e6e656c
3298	20736179696e67
3299	2068656c6d6574
3300	20666f7277617264
3301	757468
3302	62657273
3303	616666
3304	207765616c746879
3305	207368656c6c73
3306	2073637265656e
3307	2072657475726e6564
3308	20726567756c6172
3309	207061696e74696e67
3310	206861727368
3311	20667269646765
3312	2064656572
3313	20636f6d7065746974
3314	206372696573
3315	20636f6f
3316	2062656c6f6e676564
3317	75746f6d
3318	75746f6d6f62
3319	75746f6d6f62696c65
3320	75726b6579
3321	637574
3322	636c6573
3323	5468657265
3324	476f
3325	20736f6c7665
3326	207368616465
3327	2070657273697374
3328	206f7264696e617279
3329	206e6963656c79
3330	206d6f70
3331	206c6f74696f6e
3332	20686f75736573
3333	2068697665
3334	20676976696e67
3335	20666f7572
3336	205368
3337	77656574
3338	7365756d
3339	2071756172
3340	206f63746f707573
3341	206e6f64
3342	206c696272
3343	206a61636b6574
3344	206665617266756c
3345	2063617270
3346	657465
3347	617a7a
3348	20776f6f6c
3349	20737570706f7274
3350	207375636365737366756c
3351	207371756565
3352	206d757365756d
3353	20646f756768
3354	20627562626c65
3355	20626f72726f77
3356	206175746f6d6f62696c65
3357	696c7479
3358	67696e67
3359	207475726b6579
3360	2074616e6b
3361	206c6976656c79
3362	206c6f77
3363	206775696c7479
3364	2067657473
3365	20646f6c7068696e
3366	20637570626f617264
3367	20626f786573
3368	20546f646179
3369	757262
3370	20796574
3371	20706f77646572
3372	206e6f6473
3373	206b6e6f74
3374	207374726f6e676572
3375	20736e696666
3376	2073686f77696e67
3377	207268
3378	207175617272656c
3379	206d6f766965
3380	206c6f75646c79
3381	2068656c7073
3382	2068656c706c657373
3383	20666c6173686c69676874
3384	20666c757465
3385	2063657265
3386	20626564726f6f6d
3387	20616c657274
3388	616e676572
3389	57686f
3390	20776973686573
3391	207472756e6b
3392	2074696d6573
3393	207370656564
3394	207368696e65
3395	206d696c64
3396	20686f6d6573
3397	2067656d
3398	20666f726b
3399	20666967757265
3400	2064697374757262
3401	2063697479
3402	616e7574
3403	2073636f6f74
3404	20726570616972
3405	20726164697368
3406	2070657273697374656e74
3407	207065616368
3408	206c69636b6564
3409	20676172616765
3410	20666c75666679
3411	20657261736572
3412	20616e67656c
3413	204a616b65
3414	6f696e
3415	6c657661746f72
3416	6573646179
3417	20776865656c73
3418	207472757468
3419	20736c65
3420	206d6f646572
3421	20656c657661746f72
3422	20636f636f61
3423	20636172706574
3424	204d697373
3425	7465726e
3426	616d657261
3427	2074697265
3428	20737065616b
3429	206c65616e
3430	2067796d
3431	2063657265616c
3432	2063616d657261
3433	756c6966
3434	726e
3435	207370656e64
3436	206d6f6465726e
3437	2067726f776e
3438	20647265616d73
3439	20646563696465
3440	20637265617465
3441	20626f617473
3442	204c756c75
3443	69726f6e
3444	62657272696573
3445	617469656e74
3446	61726d696e67
3447	5361726168
3448	2074776967
3449	20736c656570696e67
3450	20736869656c64
3451	2070656e6775
3452	20696d70617469656e74
3453	2068616972637574
3454	206561727468
3455	20636f6f6b6564
3456	206368657272696573
3457	206361756c6966
3458	2062696767657374
3459	6f7261626c65
3460	69726974
3461	617373696f6e
3462	20746f77657273
3463	20746170
3464	2073746174696f6e
3465	2073706c6974
3466	20736b6970706564
3467	206c696272617279
3468	2068616c66
3469	20636861726d696e67
3470	20526f7365
3471	6a656374
3472	6173696e67
3473	2076696e65
3474	2074726179
3475	20736b6970
3476	2073696e6b
3477	20706f6c65
3478	206c6974
3479	20677261706573
3480	20666f727468
3481	2061636365
3482	7879
3483	656e7365
3484	646f6d
3485	426f626f
3486	42696c6c79
3487	20776869737065726564
3488	207765656b
3489	2072657065
3490	206c6561726e696e67
3491	20686172646572
3492	2068617070656e696e67
3493	2064697665
3494	2063616374
3495	2061766f6361646f
3496	7a7a79
3497	2077726170706564
3498	2073617573
3499	206f6666696365
3500	206c79696e67
3501	206a75646765
3502	206372656174757265
3503	20636f6d7065746974697665
3504	20636163747573
3505	2061646f7261626c65
3506	7965
3507	756c616e6365
3508	726963
3509	6f74746572
3510	696566
3511	62756c616e6365
3512	466c75666679
3513	2077617973
3514	20756e636c65
3515	2073747261776265727279
3516	20736f7274
3517	20706f696e74696e67
3518	206f72646572
3519	206772616365
3520	20636f6d70617373696f6e
3521	206361756c69666c6f776572
3522	20626f756e636564
3523	20616d62756c616e6365
3524	206f74746572
3525	206564
3526	7a6564
3527	776173
3528	776173686572
3529	696374
3530	67656e
3531	617473
3532	20746f726e
3533	206d61727279
3534	206b6e6f7773
3535	206772616e647061
3536	20666f756e7461696e
3537	2064697368776173686572
3538	206368616c6b
3539	2062617272656c
3540	74656e
3541	6c6570686f6e65
3542	207a6970706572
3543	207468756e646572
3544	2074656c6570686f6e65
3545	206a6577656c7279
3546	20666973686572
3547	2064657369676e
3548	20536e
3549	20526f62
3550	656c6c6967
3551	2077616666
3552	207469636b6574
3553	20736c657074
3554	20736b696e
3555	2073657474
3556	20696e74656c6c6967
3557	20676966746564
3558	20666174686572
3559	206576656e7475616c6c79
3560	20636c7562
3561	205065746572
3562	6f70686965
3563	6973746564
3564	656479
3565	207768656e65766572
3566	207468696e6b696e67
3567	20736872696d70
3568	2073687574
3569	207175657374696f6e
3570	206a6574
3571	2068657262
3572	2067617370
3573	2069726f6e
3574	72696c6c
3575	6f6279
3576	61676564
3577	4a696d
3578	2074726970706564
3579	20737472616e676572
3580	207370756e
3581	20736872696e6b
3582	20726573746c657373
3583	206c6564
3584	20657863697465
3585	206465746572
3586	20636f756e74696e67
3587	20636f6d706c61696e
3588	2062756c6c
3589	20446f6c6c79
3590	6f706c
3591	65726f706c
3592	656c657279
3593	61636865
3594	4d756d6d79
3595	207765696768
3596	2076616c7565
3597	207468656d73656c766573
3598	2071756974
3599	20706f656d
3600	206d6f6c65
3601	20636f6d70617373696f6e617465
3602	2063617365
3603	206165726f706c
3604	73706974
3605	73706974616c
3606	72616765
3607	61746573
3608	47697665
3609	2076616c75
3610	207468696566
3611	20736f6172
3612	207061747465726e
3613	207075727365
3614	206d756c65
3615	20686f73706974616c
3616	206761746865726564
3617	206469736170706f696e
3618	2064657465726d
3619	20636f7374756d65
3620	20636f62
3621	6b656570
3622	20796f67757274
3623	207368617065
3624	206e6565646c65
3625	20676c6f7665
3626	206269726463
3627	6f6c64
3628	6e616d
3629	6573736965
3630	2077696665
3631	207369676874
3632	20706c617967726f756e64
3633	2063726962
3634	2063656c657279
3635	206269726463616765
3636	2042757a7a
3637	7374616c
3638	64656c
3639	6174696e67
3640	3f222e
3641	20746f65
3642	2073747265616d
3643	207370696c6c6564
3644	2070686f746f
3645	2070656172
3646	206d6f746f726379
3647	206d6f64656c
3648	206b6e6f62
3649	20696e74656c6c6967656e74
3650	2065617273
3651	206465636f72617465
3652	206372797374616c
3653	204a696d6d79
3654	20706972617465
3655	206e756d62657273
3656	206e75727365
3657	20676f6c66
3658	206665617468657273
3659	20636f6d707574
3660	20636f616c
3661	20616e6368
3662	206178
3663	696577
3664	656e74696f6e
3665	2077616c6c73
3666	2076616c7561626c65
3667	2076696577
3668	20747261696c
3669	20706974
3670	2070616c
3671	206d65616e73
3672	206c6175676873
3673	20676967676c6564
3674	2065646765
3675	20656974686572
3676	206469736170706f696e746564
3677	206261736562616c6c
3678	20616e63686f72
3679	205465646479
3680	204b696d
3681	6f7279
3682	6e616d656e74
3683	6661
3684	6176696e67
3685	21222e
3686	207465617273
3687	207370696e6e696e67
3688	20736f6c64696572
3689	207361756365
3690	2070616c65
3691	206f726e616d656e74
3692	206f696c
3693	2068616d
3694	20656e63
3695	2050657465
3696	7573686564
3697	756d626572
3698	626f6479
3699	616d706f6f
3700	4d72
3701	2073776561746572
3702	2070696e65
3703	206c696d65
3704	2068616e646c65
3705	206669736865726d616e
3706	20637269636b6574
3707	205370696b65
3708	204c6974746c65
3709	7572696e67
3710	71756974
3711	717569746f
3712	6973696f6e
3713	20737069726974
3714	2073686f636b6564
3715	20736166656c79
3716	2070726570
3717	20706565
3718	206d7567
3719	2068756e74
3720	20686f6f6b
3721	20666c6561
3722	20627573686573
3723	2062696b6573
3724	20617865
3725	20546f6279
3726	2042696c6c
3727	776562
3728	73706170
3729	20796177
3730	2077697265
3731	2070616c616365
3732	20706f72
3733	206d697474656e
3734	206a75696379
3735	20686f74656c
3736	2068697070
3737	20636f62776562
3738	2063616e646c65
3739	2063757274
3740	2050656f706c65
3741	75726368
3742	75706572
3743	73717569746f
3744	68656164
3745	61636874
3746	2076696465
3747	207374616666
3748	207370656172
3749	20726f6465
3750	206e657773706170
3751	206d6f73717569746f
3752	206d697373696c65
3753	206c65617368
3754	20657965
3755	206375727461696e
3756	20636f6c6c6172
3757	20636f696e73
3758	2062616e616e6173
3759	2062756d70
3760	206165726f706c616e65
3761	206164646564
3762	20466f
3763	6b6565706572
3764	207961636874
3765	207769706564
3766	207374756d
3767	207363726577
3768	2073616c74
3769	20726f64
3770	2070726f76
3771	207061696e746572
3772	206d617474
3773	2068616c6c
3774	2064757374
3775	20636f6f6c6572
3776	20636f6d7075746572
3777	20627574746f6e73
3778	20616c61726d
3779	75746573
3780	726f6e
3781	64657374
3782	616974
3783	207461736b
3784	2073757266
3785	207375636365
3786	20736c69646573
3787	2073686f7274
3788	20706172616465
3789	20706c65
3790	206f616b
3791	206e61696c
3792	206d65616c
3793	206d6167617a
3794	206c6162656c
3795	20697473656c66
3796	2064697374616e74
3797	20636f6d706c6574
3798	20617661696c
3799	204f4b
3800	7265776f726b
3801	706172
3802	6f70746572
3803	69636f70746572
3804	657263
3805	6174656c79
3806	2074726170
3807	20736f6661
3808	207375706572
3809	20727562626564
3810	20706f6c697368
3811	2070656e6775696e
3812	206d696e75746573
3813	206d616e61676564
3814	2068656c69636f70746572
3815	20677261636566756c
3816	2066697265776f726b
3817	20666f67
3818	206469736170706561726564
3819	2063757073
3820	206361626c65
3821	2062616773
3822	204d756d
3823	20756e6c6f636b
3824	20737461636b
3825	2073636f6f746572
3826	2072696262
3827	2070726574656e64696e67
3828	207061636b6564
3829	206c6965
3830	2067656172
3831	2066616c6c73
3832	2064726976696e67
3833	20647265616d6564
3834	20636f6d6574
3835	20617661696c61626c65
3836	20436c
3837	7567676564
3838	74696d65
3839	726f7068
3840	6c63616e
3841	20766f6c63616e
3842	2073756363656564
3843	20737461726564
3844	20706170657273
3845	2070756e
3846	206d6f746f726379636c65
3847	206c6967687473
3848	206469617279
3849	20636875726368
3850	2054727565
3851	205477656574
3852	2045766572797768657265
3853	75636574
3854	75656c
3855	726f70686f6e65
3856	69616e6f
3857	2ce2809d
3858	20737061726b6c79
3859	207365706172
3860	20706f726368
3861	20666175636574
3862	206578657263
3863	20636865727279
3864	206275636b6c65
3865	2062616e64616765
3866	2047697665
3867	20426f756e
3868	7269676572
3869	726967657261746f72
3870	68747562
3871	61666665
3872	2764
3873	20766f6c63616e6f
3874	2076656e64
3875	207669
3876	2074686f7365
3877	207370656c6c
3878	207368616d706f6f
3879	20727562626572
3880	20726964
3881	2072616b65
3882	206d6574616c
3883	206d6561646f77
3884	206d616b657570
3885	206b696e646e657373
3886	206875727279
3887	20686970706f
3888	2067726f776c
3889	2064657465726d696e6564
3890	2064657373
3891	2062617468747562
3892	75736961
3893	73747269
3894	6f6d6564
3895	6875736961
3896	63696e67
3897	616b6564
3898	4973
3899	2073696c766572
3900	207365727665
3901	20726f6c6c696e67
3902	207175657374696f6e73
3903	207069636b696e67
3904	207069616e6f
3905	206f7267616e697a65
3906	206f6674656e
3907	206d696e6572
3908	206d61747472657373
3909	206d656c74
3910	20656e746875736961
3911	20636f6c6f7572
3912	20636861696e
3913	2063616d70
3914	2062726f7468657273
3915	2050697070
3916	2050616e6479
3917	6c746572
3918	6173706f6f6e
3919	57656c6c
3920	536565
3921	2074656173706f6f6e
3922	2074756d6d79
3923	207377696e67696e67
3924	20726566726967657261746f72
3925	206f626a656374
3926	206e6f74696365
3927	206e6577737061706572
3928	206d6f64657374
3929	20676173706564
3930	20676173
3931	206578706c61696e
3932	20647265616d696e67
3933	20646973617070656172
3934	2062617474657279
3935	204c6565
3936	696c6f74
3937	61726f6f
3938	616e6761726f6f
3939	57616974
3940	2074726f7068
3941	207365656d
3942	2072657363
3943	206f73747269
3944	206e6574776f726b
3945	206d6963726f70686f6e65
3946	206c6963
3947	206b616e6761726f6f
3948	2067756d
3949	206372616e65
3950	206967
3951	7a6167
3952	6c6f6f
3953	69677a6167
3954	64726f6265
3955	61727279
3956	2077696e746572
3957	2077617264726f6265
3958	2076656e646f72
3959	2074616c6c6572
3960	20736b697274
3961	2073617573616765
3962	2072696365
3963	2072697365
3964	206f6b
3965	206e6f76656c
3966	206d75737461636865
3967	206d6167617a696e65
3968	206c6963656e7365
3969	206b6e6f636b
3970	2069676c6f6f
3971	2068756d616e
3972	2066616c6c696e67
3973	20656e636f75
3974	20636c696d62696e67
3975	20626c696e
3976	6c65766973696f6e
3977	4f756368
3978	427965
3979	416c
3980	2077616c6c6574
3981	2074726f706879
3982	207368656c746572
3983	2073796d
3984	20726577617264
3985	20696e6b
3986	2068617465
3987	20666c6f7572
3988	20617267
3989	205a6f6f6d79
3990	204a6f
3991	726963616e65
3992	6f636572
3993	696e6f636572
3994	626f6c
3995	20766964656f
3996	207665696c
3997	20746872656164
3998	2074656c65766973696f6e
3999	2073796d626f6c
